{"receiver-stats":{"flowinstant":{"flow_id":3776783320,"dead":0,"stats":{"quality":100,"received":0,"dropped_late":0,"dropped_full":0,"missing":0,"recovered_total":0,"reordered":0,"retries":0,"recovered_one_nack":0,"recovered_two_nacks":0,"recovered_three_nacks":0,"recovered_four_nacks":0,"recovered_more_nacks":0,"lost":0,"avg_buffer_time":1003,"duplicates":0,"missing_queue":0,"missing_queue_max":3571,"min_inter_packet_spacing":1.8446744073709552e+19,"cur_inter_packet_spacing":0,"max_inter_packet_spacing":0,"bitrate":633510},"peers":[{"id":2,"dead":1,"stats":{"received_data":0,"received_rtcp":0,"sent_rtcp":0,"rtt":6.5411093961839519,"avg_rtt":4.42302467050387,"bitrate":461988,"avg_bitrate":646165}},{"id":3,"dead":1,"stats":{"received_data":0,"received_rtcp":0,"sent_rtcp":0,"rtt":12.156004923902792,"avg_rtt":11.550546284756088,"bitrate":462113,"avg_bitrate":647164}},{"id":4,"dead":1,"stats":{"received_data":0,"received_rtcp":0,"sent_rtcp":0,"rtt":7.0524795650350747,"avg_rtt":5.8045